ad_id,xyz_campaign_id,fb_campaign_id,age,gender,interest,Impressions,Clicks,Spent,Total_Conversion,Approved_Conversion
1121091,1178,144531,30-34,M,10,1194718,141,254.049996,28,14
1121092,1178,144531,30-34,M,10,637648,67,122.4,13,5
1121094,1178,144531,30-34,M,10,24362,0,0,1,1
1121095,1178,144531,30-34,M,10,459690,50,86.33000112,5,2
1121096,1178,144531,30-34,M,10,750060,86,161.9099991,11,2
1121097,1178,144532,30-34,M,15,30068,1,1.820000052,1,0
1121098,1178,144532,30-34,M,15,1267550,123,236.7699986,24,10
1121100,1178,144532,30-34,M,15,3052003,340,639.9499981,60,17
1121101,1178,144532,30-34,M,15,29945,1,1.590000033,2,1
1121102,1178,144532,30-34,M,15,357856,30,52.97000015,7,3
1121104,1178,144533,30-34,M,16,2080666,202,360.1500015,40,21
1121105,1178,144533,30-34,M,16,145999,9,16.5200001,5,2
1121107,1178,144533,30-34,M,16,32616,1,1.539999962,2,0
1121108,1178,144533,30-34,M,16,984521,95,163.8999972,26,14
1121110,1178,144534,30-34,M,18,880814,123,210.3600006,6,2
1121111,1178,144534,30-34,M,18,182452,20,35.73000026,4,1
1121113,1178,144534,30-34,M,18,894911,120,215.8399994,7,4
1121114,1178,144534,30-34,M,18,31349,2,3.800000072,1,0
1121115,1178,144535,30-34,M,19,410310,55,96.80000055,3,0
1121116,1178,144535,30-34,M,19,572450,89,157.329998,7,4
1121117,1178,144535,30-34,M,19,98759,15,26.56999946,1,1
1121119,1178,144535,30-34,M,19,345371,54,93.08999991,7,3
1121121,1178,144536,30-34,M,20,323899,46,78.9200002,5,1
1121122,1178,144536,30-34,M,20,399199,58,103.1500002,3,0
1121123,1178,144536,30-34,M,20,171202,22,36.53000021,3,1
1121124,1178,144536,30-34,M,20,128386,15,28.85000002,2,1
1121125,1178,144536,30-34,M,20,1034284,152,257.7099986,20,9
1121126,1178,144536,30-34,M,20,45923,5,7.220000148,2,0
1121127,1178,144537,30-34,M,21,40873,4,7.899999976,2,1
1121128,1178,144537,30-34,M,21,286553,34,62.06000042,2,1
1121129,1178,144537,30-34,M,21,20618,1,2.099999905,2,1
1121131,1178,144537,30-34,M,21,83591,7,14.14000046,2,2
1121132,1178,144537,30-34,M,21,114923,12,23.73000026,4,2
1121133,1178,144538,30-34,M,22,25002,1,1.710000038,1,0
1121134,1178,144538,30-34,M,22,68905,5,9.440000057,1,0
1121136,1178,144538,30-34,M,22,169588,16,27.79999924,1,0
1121138,1178,144538,30-34,M,22,328991,35,67.65000057,5,2
1121141,1178,144539,30-34,M,23,23198,2,2.980000019,1,0
1121142,1178,144539,30-34,M,23,26890,2,3.24000001,1,0
1121143,1178,144539,30-34,M,23,221695,31,52.26000011,5,2
1121152,1178,144541,30-34,M,24,88443,7,13.0400002,1,1
1121153,1178,144541,30-34,M,24,187856,23,38.38999975,5,1
1121164,1178,144545,30-34,M,25,570699,80,138.7699997,9,2
1121167,1178,144545,30-34,M,25,1063508,145,260.3800013,23,7
1121168,1178,144545,30-34,M,25,50523,6,8.549999952,1,0
1121172,1178,144547,30-34,M,26,87935,9,15.63000023,1,0
1121173,1178,144547,30-34,M,26,278225,33,60.19999957,3,0
1121175,1178,144547,30-34,M,26,209461,20,34.19000006,1,0
1121177,1178,144547,30-34,M,26,26316,2,3.24000001,3,0
1121181,1178,144549,30-34,M,27,41030,3,5.140000105,2,1
1121182,1178,144549,30-34,M,27,876671,120,216.5599982,22,4
1121183,1178,144549,30-34,M,27,399392,53,93.07000041,5,0
1121184,1178,144549,30-34,M,27,283858,30,56.05999923,1,0
1121185,1178,144549,30-34,M,27,260699,31,54.09999871,5,2
1121193,1178,144552,30-34,M,28,57781,5,7.800000072,2,1
1121195,1178,144552,30-34,M,28,38757,3,5.220000029,1,0
1121196,1178,144552,30-34,M,28,1392288,206,358.5500029,31,7
1121197,1178,144552,30-34,M,28,1109387,159,280.9899995,13,2
1121202,1178,144554,30-34,M,29,581281,65,115.1200008,10,5
1121203,1178,144554,30-34,M,29,1048861,128,219.770002,22,8
1121205,1178,144554,30-34,M,29,297452,30,52.01999986,4,1
1121206,1178,144554,30-34,M,29,227925,22,35.30999994,22,12
1121207,1178,144554,30-34,M,29,374175,38,63.32000101,8,3
1121211,1178,144556,30-34,M,30,223586,32,54.24000037,1,0
1121213,1178,144556,30-34,M,30,283170,39,65.22999996,2,1
1121215,1178,144556,30-34,M,30,41636,3,4.210000038,1,0
1121216,1178,144556,30-34,M,30,198658,30,48.60999978,8,1
1121220,1178,144558,30-34,M,31,100596,10,13.91999972,4,2
1121223,1178,144558,30-34,M,31,64020,5,11.0599997,1,0
1121224,1178,144558,30-34,M,31,14289,0,0,1,0
1121229,1178,144561,30-34,M,32,404866,43,87.42000079,4,0
1121231,1178,144561,30-34,M,32,22256,1,1.659999967,1,1
1121233,1178,144561,30-34,M,32,57690,4,6.74000001,1,0
1121241,1178,144562,30-34,M,36,24952,5,8.220000267,3,2
1121242,1178,144562,30-34,M,36,38900,3,5.580000043,1,0
1121243,1178,144562,30-34,M,36,53520,6,9.2299999,1,1
1121244,1178,144562,30-34,M,36,181683,20,34.22999972,2,1
1121245,1178,144562,30-34,M,36,29185,2,3.149999976,1,0
1121246,1178,144562,30-34,M,36,105047,13,20.2099994,3,1
1121250,1178,144565,30-34,M,63,287976,31,59.43999982,3,2
1121251,1178,144565,30-34,M,63,212175,22,38.58999968,2,1
1121252,1178,144565,30-34,M,63,11139,0,0,1,1
1121254,1178,144565,30-34,M,63,124005,11,21.84999979,4,1
1121255,1178,144565,30-34,M,63,20423,1,1.960000038,1,0
1121261,1178,144567,30-34,M,64,103001,14,22.32000005,1,0
1121262,1178,144567,30-34,M,64,447420,66,110.2399991,7,2
1121263,1178,144567,30-34,M,64,156101,19,29.75000048,2,2
1121264,1178,144567,30-34,M,64,93015,12,18.47000015,1,0
1121265,1178,144568,30-34,M,65,145398,23,36.24000025,1,0
1121269,1178,144568,30-34,M,65,296413,50,76.43999958,3,1
1121273,1178,144569,30-34,M,2,9370,0,0,1,1
1121274,1178,144569,30-34,M,2,63785,7,11.80000019,6,2
1121275,1178,144569,30-34,M,2,118522,14,26.81999981,2,1
1121276,1178,144569,30-34,M,2,240123,38,65.67000115,5,4
1121277,1178,144570,30-34,M,7,169108,20,32.24000025,2,1
1121278,1178,144570,30-34,M,7,1044442,142,245.5999999,22,8
1121279,1178,144570,30-34,M,7,93891,11,17.6400001,5,3
1121282,1178,144570,30-34,M,7,185823,25,38.54999936,4,1
1121284,1178,144571,30-34,M,66,175631,23,40.75999951,1,0
1121285,1178,144571,30-34,M,66,37187,4,6.370000005,1,0
1121286,1178,144571,30-34,M,66,10991,0,0,1,0
1121287,1178,144571,30-34,M,66,344618,51,89.76000047,3,1
1121289,1178,144572,35-39,M,10,98066,9,16.1500001,1,0
1121290,1178,144572,35-39,M,10,770749,100,189.1299984,13,3
1121291,1178,144572,35-39,M,10,52553,5,8.529999852,1,0
1121292,1178,144572,35-39,M,10,362296,39,67.77000129,7,3
1121293,1178,144572,35-39,M,10,427729,50,96.8999989,4,1
1121296,1178,144573,35-39,M,15,180351,21,37.13000011,1,1
1121297,1178,144573,35-39,M,15,187329,29,53.15999961,2,1
1121300,1178,144573,35-39,M,15,782894,118,192.9299995,5,2
1121302,1178,144574,35-39,M,16,1206533,128,236.1199988,17,6
1121303,1178,144574,35-39,M,16,84494,7,12.57000017,2,0
1121304,1178,144574,35-39,M,16,94257,7,12.5800004,1,1
1121309,1178,144575,35-39,M,18,131060,16,28.04999959,2,1
1121310,1178,144575,35-39,M,18,341603,50,83.48000121,4,2
1121311,1178,144575,35-39,M,18,140749,19,30.4799999,1,1
1121312,1178,144575,35-39,M,18,102525,13,20.29999983,2,1
1121316,1178,144576,35-39,M,19,447952,68,131.5799983,8,1
1121317,1178,144576,35-39,M,19,76355,9,14.62999988,2,0
1121319,1178,144577,35-39,M,20,256598,38,64.46999931,6,1
1121321,1178,144577,35-39,M,20,127476,21,30.15000057,3,2
1121322,1178,144577,35-39,M,20,237603,37,62.25000024,5,2
1121327,1178,144578,35-39,M,21,271091,42,78.03999984,3,1
1121330,1178,144578,35-39,M,21,21743,2,3.400000095,1,0
1121333,1178,144579,35-39,M,22,88970,10,14.8300004,2,0
1121334,1178,144579,35-39,M,22,108362,13,22.42999983,1,1
1121335,1178,144579,35-39,M,22,188596,27,44.14000034,3,0
1121336,1178,144579,35-39,M,22,275080,43,69.65999997,4,3
1121337,1178,144580,35-39,M,23,64647,10,16.26999998,1,0
1121338,1178,144580,35-39,M,23,31265,4,5.789999902,1,0
1121340,1178,144580,35-39,M,23,140147,24,42.08000016,2,0
1121341,1178,144580,35-39,M,23,223120,40,67.66999984,1,0
1121342,1178,144580,35-39,M,23,104869,18,34.07000089,1,0
1121344,1178,144581,35-39,M,24,165177,23,41.71999967,4,1
1121345,1178,144581,35-39,M,24,84194,11,19.56999981,1,0
1121347,1178,144581,35-39,M,24,220581,31,57.37,1,1
1121350,1178,144582,35-39,M,25,75804,10,17.36999965,2,1
1121352,1178,144582,35-39,M,25,368986,59,100.289999,0,0
1121353,1178,144582,35-39,M,25,28194,3,3.709999919,2,0
1121355,1178,144583,35-39,M,26,99961,14,23.2099998,1,0
1121359,1178,144583,35-39,M,26,7573,0,0,1,0
1121361,1178,144584,35-39,M,27,685781,103,177.8899992,10,1
1121364,1178,144584,35-39,M,27,274222,43,66.7700001,2,1
1121365,1178,144584,35-39,M,27,110503,25,32.67999995,4,0
1121367,1178,144585,35-39,M,28,1447755,233,420.5799983,11,8
1121368,1178,144585,35-39,M,28,358987,52,87.55000067,1,0
1121369,1178,144585,35-39,M,28,826205,125,232.3700008,5,1
1121370,1178,144585,35-39,M,28,550954,84,150.1400012,3,0
1121372,1178,144585,35-39,M,28,378350,55,96.48000073,4,0
1121373,1178,144586,35-39,M,29,492784,56,95.5100013,7,4
1121374,1178,144586,35-39,M,29,327158,43,72.3100003,6,2
1121375,1178,144586,35-39,M,29,9921,0,0,1,0
1121377,1178,144586,35-39,M,29,59390,5,9.209999919,5,3
1121378,1178,144586,35-39,M,29,1040330,147,254.2500038,13,2
1121379,1178,144587,35-39,M,30,49422,6,11.17000031,1,0
1121380,1178,144587,35-39,M,30,131091,18,34.23000026,3,1
1121381,1178,144587,35-39,M,30,95691,15,25.26000011,1,1
1121390,1178,144588,35-39,M,31,15513,1,1.289999962,1,0
1121391,1178,144589,35-39,M,32,382537,63,113.9900012,4,3
1121394,1178,144589,35-39,M,32,461356,64,121.0999982,6,3
1121395,1178,144589,35-39,M,32,392541,53,98.70000017,3,2
1121398,1178,144590,35-39,M,36,35088,5,8.800000072,1,1
1121400,1178,144590,35-39,M,36,53933,6,9.929999948,3,1
1121403,1178,144591,35-39,M,63,228861,33,53.38999939,4,2
1121405,1178,144591,35-39,M,63,20959,2,3.769999981,1,1
1121410,1178,144592,35-39,M,64,24992,2,3.190000057,1,0
1121411,1178,144592,35-39,M,64,100351,15,24.17999995,2,1
1121412,1178,144592,35-39,M,64,292448,43,76.89999968,2,1
1121413,1178,144592,35-39,M,64,65060,7,14.5200001,1,1
1121414,1178,144592,35-39,M,64,133316,21,36.17000055,2,0
1121415,1178,144593,35-39,M,65,113501,26,38.44000077,5,4
1121418,1178,144593,35-39,M,65,192810,41,61.92999995,4,3
1121421,1178,144594,35-39,M,2,233404,43,70.4100008,2,1
1121422,1178,144594,35-39,M,2,128843,24,37.5999999,2,0
1121423,1178,144594,35-39,M,2,63564,12,20.59000027,2,0
1121425,1178,144594,35-39,M,2,85970,14,24.78000021,1,1
1121428,1178,144595,35-39,M,7,131232,16,29.53999937,1,1
1121429,1178,144595,35-39,M,7,152454,22,37.84999979,1,1
1121430,1178,144595,35-39,M,7,28989,2,2.290000021,1,0
1121433,1178,144596,35-39,M,66,80248,15,24.1900003,1,1
1121437,1178,144596,35-39,M,66,38580,5,8.519999981,1,0
1121439,1178,144597,40-44,M,10,621591,91,163.36,5,1
1121440,1178,144597,40-44,M,10,250499,36,58.14000005,3,1
1121442,1178,144597,40-44,M,10,131637,18,29.30999982,2,1
1121443,1178,144597,40-44,M,10,463813,69,116.3399996,4,2
1121444,1178,144597,40-44,M,10,211767,35,60.89999914,5,1
1121446,1178,144598,40-44,M,15,163181,26,40.02000093,1,1
1121451,1178,144599,40-44,M,16,1117385,147,260.0699984,11,2
1121452,1178,144599,40-44,M,16,1663441,205,359.4700001,17,6
1121453,1178,144599,40-44,M,16,455248,54,105.7099996,5,2
1121454,1178,144599,40-44,M,16,75589,6,10.66000009,1,1
1121455,1178,144599,40-44,M,16,594267,82,143.3000009,3,2
1121456,1178,144599,40-44,M,16,315281,35,65.02999854,1,0
1121464,1178,144601,40-44,M,19,363456,71,117.5599997,7,1
1121466,1178,144601,40-44,M,19,438983,81,143.4300001,3,1
1121467,1178,144601,40-44,M,19,42563,5,9.659999847,1,1
1121469,1178,144602,40-44,M,20,399035,75,124.7999995,7,3
1121471,1178,144602,40-44,M,20,304680,59,98.55000019,3,0
1121472,1178,144602,40-44,M,20,140596,23,40.77000022,1,0
1121473,1178,144602,40-44,M,20,439986,80,134.8799999,4,3
1121474,1178,144602,40-44,M,20,75803,11,19.3599999,2,2
1121477,1178,144603,40-44,M,21,7073,0,0,1,0
1121481,1178,144604,40-44,M,22,153586,28,43.01000035,2,0
1121482,1178,144604,40-44,M,22,180815,31,42.62999976,1,0
1121483,1178,144604,40-44,M,22,253169,51,75.78999984,1,0
1121484,1178,144604,40-44,M,22,34453,5,7.710000038,1,1
1121487,1178,144605,40-44,M,23,51550,8,14.03999984,1,0
1121489,1178,144605,40-44,M,23,110018,24,39.85999966,1,0
1121493,1178,144606,40-44,M,24,137584,21,36.77999961,1,0
1121497,1178,144606,40-44,M,24,209825,30,54.86999953,1,0
1121499,1178,144607,40-44,M,25,264222,63,87.7899996,1,1
1121510,1178,144608,40-44,M,26,31202,5,6.730000019,1,0
1121511,1178,144609,40-44,M,27,252991,49,76.83999932,3,0
1121514,1178,144609,40-44,M,27,56265,9,15.53999972,1,0
1121523,1178,144611,40-44,M,29,76923,11,17.67000008,2,2
1121524,1178,144611,40-44,M,29,209332,30,49.60000014,3,1
1121525,1178,144611,40-44,M,29,214094,31,53.26999903,1,0
1121526,1178,144611,40-44,M,29,526209,85,126.9299996,3,2
1121527,1178,144611,40-44,M,29,741143,120,179.620001,4,1
1121528,1178,144611,40-44,M,29,172827,25,38.42000043,2,0
1121530,1178,144612,40-44,M,30,188873,38,58.5999999,1,1
1121532,1178,144612,40-44,M,30,123126,25,39.72999978,2,1
1121535,1178,144613,40-44,M,31,77794,14,19.11000001,1,1
1121541,1178,144614,40-44,M,32,56630,9,15.81000018,1,1
1121544,1178,144614,40-44,M,32,400844,85,140.9700022,4,2
1121545,1178,144614,40-44,M,32,208572,36,60.76000023,2,1
1121548,1178,144615,40-44,M,36,59004,8,13.51000011,1,0
1121551,1178,144615,40-44,M,36,196253,32,55.10000002,1,0
1121554,1178,144616,40-44,M,63,51858,8,12.63000011,1,1
1121557,1178,144616,40-44,M,63,280764,49,81.36000025,2,1
1121561,1178,144617,40-44,M,64,63660,11,16.47000003,1,1
1121562,1178,144617,40-44,M,64,109289,19,31.02999997,1,0
1121568,1178,144618,40-44,M,65,188440,40,60.72999966,2,1
1121571,1178,144619,40-44,M,2,212496,44,74.83000135,2,1
1121572,1178,144619,40-44,M,2,32574,5,7.480000019,1,0
1121575,1178,144619,40-44,M,2,128595,23,36.4800005,1,1
1121577,1178,144620,40-44,M,7,242234,48,68.06000054,2,0
1121584,1178,144621,40-44,M,66,33154,5,7.879999995,1,1
1121585,1178,144621,40-44,M,66,9773,1,1.460000038,1,0
1121589,1178,144622,45-49,M,10,464036,77,123.5500004,3,1
1121590,1178,144622,45-49,M,10,478480,75,135.7500012,3,1
1121592,1178,144622,45-49,M,10,428812,66,116.8800001,4,2
1121593,1178,144622,45-49,M,10,1177535,221,365.6600009,15,3
1121594,1178,144622,45-49,M,10,426500,72,128.2799988,4,1
1121597,1178,144623,45-49,M,15,54237,7,10.77999985,2,1
1121598,1178,144623,45-49,M,15,506916,89,133.6999986,2,2
1121599,1178,144623,45-49,M,15,250960,42,64.87999952,2,0
1121601,1178,144624,45-49,M,16,2286228,353,603.380002,16,7
1121602,1178,144624,45-49,M,16,915451,125,220.559999,6,1
1121603,1178,144624,45-49,M,16,159478,20,33.89999998,3,1
1121605,1178,144624,45-49,M,16,1228924,190,318.9700032,6,3
1121606,1178,144624,45-49,M,16,938283,134,248.6400001,7,2
1121607,1178,144625,45-49,M,18,154572,26,40.93000007,1,1
1121609,1178,144625,45-49,M,18,378171,70,109.2500008,1,0
1121612,1178,144625,45-49,M,18,468749,84,134.1199975,6,1
1121613,1178,144626,45-49,M,19,309823,60,103.3899996,4,4
1121615,1178,144626,45-49,M,19,327227,65,116.5599996,5,0
1121616,1178,144626,45-49,M,19,334945,72,120.2999994,2,1
1121617,1178,144626,45-49,M,19,68859,15,25.45999968,1,0
1121619,1178,144627,45-49,M,20,127125,20,35.67999983,2,0
1121620,1178,144627,45-49,M,20,415798,80,131.7800006,3,1
1121622,1178,144627,45-49,M,20,107671,20,29.91000021,1,1
1121623,1178,144627,45-49,M,20,164356,28,46.7900002,2,1
1121624,1178,144627,45-49,M,20,17662,2,3.189999938,1,0
1121627,1178,144628,45-49,M,21,65339,10,16.67999983,2,0
1121628,1178,144628,45-49,M,21,59838,7,11.11000013,1,0
1121629,1178,144628,45-49,M,21,381577,81,127.5699993,2,0
1121635,1178,144629,45-49,M,22,45491,8,11.00999999,1,0
1121638,1178,144630,45-49,M,23,18946,2,3.599999905,1,0
1121641,1178,144630,45-49,M,23,114370,18,33.65999997,1,0
1121642,1178,144630,45-49,M,23,99698,21,33.3499999,1,0
1121644,1178,144631,45-49,M,24,355165,81,128.6099997,4,3
1121650,1178,144632,45-49,M,25,101431,23,33.93000031,1,1
1121652,1178,144632,45-49,M,25,123151,24,36.4400003,2,1
1121660,1178,144633,45-49,M,26,24078,4,5.769999981,1,0
1121661,1178,144634,45-49,M,27,517801,105,181.7200011,3,0
1121662,1178,144634,45-49,M,27,145104,25,41.42000008,2,1
1121664,1178,144634,45-49,M,27,179950,35,58.67999971,1,0
1121665,1178,144634,45-49,M,27,258531,46,80.33999979,2,0
1121666,1178,144634,45-49,M,27,272500,62,104.4599996,3,0
1121667,1178,144635,45-49,M,28,273197,57,87.7300005,3,0
1121668,1178,144635,45-49,M,28,775904,172,253.990002,4,2
1121669,1178,144635,45-49,M,28,120251,26,39.44000006,1,0
1121671,1178,144635,45-49,M,28,139406,24,39.04999948,1,0
1121672,1178,144635,45-49,M,28,60314,11,16.93999958,2,1
1121673,1178,144636,45-49,M,29,563074,86,142.7099985,4,2
1121674,1178,144636,45-49,M,29,168655,18,27.29999983,2,0
1121675,1178,144636,45-49,M,29,111963,17,29.3799994,2,1
1121676,1178,144636,45-49,M,29,1026304,168,277.5799986,17,8
1121677,1178,144636,45-49,M,29,1391924,258,422.8400038,17,10
1121678,1178,144636,45-49,M,29,147551,22,38.50000083,1,0
1121685,1178,144638,45-49,M,31,66794,9,17.3299998,1,1
1121687,1178,144638,45-49,M,31,118882,19,32.30999994,2,1
1121689,1178,144638,45-49,M,31,148010,24,41.96999943,1,0
1121691,1178,144639,45-49,M,32,932890,197,352.4499989,3,1
1121692,1178,144639,45-49,M,32,718359,147,264.5899997,4,1
1121693,1178,144639,45-49,M,32,433658,82,158.5999998,5,2
1121695,1178,144639,45-49,M,32,29455,3,4.769999981,1,0
1121701,1178,144640,45-49,M,36,23973,3,4.820000052,1,1
1121705,1178,144641,45-49,M,63,126480,25,37.25999999,1,1
1121706,1178,144641,45-49,M,63,138959,28,39.5200007,1,0
1121708,1178,144641,45-49,M,63,68829,12,19.47999978,1,0
1121711,1178,144642,45-49,M,64,49916,10,16.38,1,1
1121716,1178,144643,45-49,M,65,76014,16,22.67000031,1,1
1121723,1178,144644,45-49,M,2,50947,10,15.99000025,1,0
1121733,1178,144646,45-49,M,66,55536,11,17.04999995,1,0
1121741,1178,144647,30-34,F,10,318042,46,64.40999997,8,4
1121742,1178,144647,30-34,F,10,213016,30,44.21999955,8,2
1121745,1178,144648,30-34,F,15,182265,27,38.18000007,2,1
1121746,1178,144648,30-34,F,15,1117371,177,268.050002,26,5
1121749,1178,144648,30-34,F,15,333345,52,77.59000027,5,1
1121751,1178,144649,30-34,F,16,275930,30,46.77999997,5,2
1121753,1178,144649,30-34,F,16,740631,101,153.1199975,9,1
1121754,1178,144649,30-34,F,16,328272,35,55.99000025,2,1
1121755,1178,144649,30-34,F,16,178455,20,31.5400002,6,3
1121756,1178,144649,30-34,F,16,705712,98,147.339999,6,1
1121758,1178,144650,30-34,F,18,690373,91,159.5700021,5,2
1121759,1178,144650,30-34,F,18,515812,69,117.6299995,3,1
1121760,1178,144650,30-34,F,18,764793,101,171.9799976,4,2
1121763,1178,144651,30-34,F,19,87832,11,18.10000038,1,1
1121764,1178,144651,30-34,F,19,23368,3,4.300000191,1,0
1121765,1178,144651,30-34,F,19,51509,7,11.57000005,1,0
1121767,1178,144651,30-34,F,19,87043,16,24.48000002,2,0
1121768,1178,144651,30-34,F,19,565565,113,169.6699982,7,4
1121769,1178,144652,30-34,F,20,253758,43,62.14000034,4,1
1121773,1178,144652,30-34,F,20,319131,51,76.68000025,6,1
1121774,1178,144652,30-34,F,20,670608,130,195.1499978,11,3
1121775,1178,144653,30-34,F,21,159123,25,38.36000013,5,3
1121776,1178,144653,30-34,F,21,103709,15,24.56999969,3,1
1121779,1178,144653,30-34,F,21,271589,45,74.41000032,9,3
1121780,1178,144653,30-34,F,21,119772,20,33.46999907,5,2
1121782,1178,144654,30-34,F,22,26340,3,4.220000029,1,1
1121783,1178,144654,30-34,F,22,594968,111,147.6700006,4,0
1121791,1178,144655,30-34,F,23,6838,0,0,1,0
1121793,1178,144656,30-34,F,24,185665,39,62.14000058,1,0
1121795,1178,144656,30-34,F,24,24959,3,4.560000062,1,1
1121796,1178,144656,30-34,F,24,136967,23,35.05999982,3,1
1121798,1178,144656,30-34,F,24,107548,19,29.31000018,1,0
1121803,1178,144657,30-34,F,25,588617,119,169.9199973,2,0
1121806,1178,144658,30-34,F,26,190560,26,41.63,3,1
1121807,1178,144658,30-34,F,26,373110,49,75.70000076,4,2
1121812,1178,144659,30-34,F,27,935646,170,256.4699982,19,6
1121814,1178,144659,30-34,F,27,2223278,421,612.3000032,38,13
1121815,1178,144659,30-34,F,27,240497,36,51.84000087,1,0
1121816,1178,144659,30-34,F,27,259984,37,54.7900002,5,0
1121817,1178,144660,30-34,F,28,606786,127,179.050001,11,3
1121818,1178,144660,30-34,F,28,83270,13,17.74000001,1,0
1121819,1178,144660,30-34,F,28,1189509,268,375.7199963,7,3
1121820,1178,144660,30-34,F,28,11471,1,1.570000052,0,0
1121824,1178,144661,30-34,F,29,1705246,295,429.4799981,23,10
1121826,1178,144661,30-34,F,29,418016,63,95.8500005,3,1
1121827,1178,144661,30-34,F,29,30155,3,3.819999933,1,0
1121828,1178,144661,30-34,F,29,990404,153,226.5399992,12,6
1121829,1178,144662,30-34,F,30,187468,34,50.72000062,2,1
1121832,1178,144662,30-34,F,30,208301,33,54.57000089,1,0
1121833,1178,144662,30-34,F,30,101856,16,25.22000039,4,1
1121835,1178,144663,30-34,F,31,48935,7,9.970000267,1,1
1121839,1178,144663,30-34,F,31,13911,1,1.730000019,1,1
1121841,1178,144664,30-34,F,32,511726,77,123.0900019,8,4
1121843,1178,144664,30-34,F,32,177452,24,37.83000016,2,0
1121844,1178,144664,30-34,F,32,149808,20,33.03999937,1,1
1121845,1178,144664,30-34,F,32,390339,60,105.0199997,9,6
1121846,1178,144664,30-34,F,32,8350,0,0,1,0
1121847,1178,144665,30-34,F,36,39339,4,5.929999948,1,0
1121854,1178,144666,30-34,F,63,8587,0,0,1,0
1121855,1178,144666,30-34,F,63,24893,2,3.75,1,0
1121856,1178,144666,30-34,F,63,1296189,212,343.2599944,14,4
1121857,1178,144666,30-34,F,63,91607,12,19.1899997,2,1
1121859,1178,144667,30-34,F,64,238036,38,61.02999771,6,3
1121860,1178,144667,30-34,F,64,254344,35,56.16999996,2,1
1121861,1178,144667,30-34,F,64,157705,23,39.23000026,2,0
1121862,1178,144667,30-34,F,64,411571,60,99.1799984,6,1
1121863,1178,144667,30-34,F,64,94136,11,16.17999971,1,0
1121867,1178,144668,30-34,F,65,82640,16,23.97000039,1,1
1121869,1178,144668,30-34,F,65,17870,2,2.620000005,1,1
1121871,1178,144669,30-34,F,2,19178,2,2.779999971,1,1
1121873,1178,144669,30-34,F,2,5264,0,0,1,0
1121874,1178,144669,30-34,F,2,145548,28,42.37000036,2,1
1121876,1178,144669,30-34,F,2,82455,15,22.04999971,1,0
1121877,1178,144670,30-34,F,7,44189,7,10.31999981,2,0
1121878,1178,144670,30-34,F,7,45199,7,9.809999943,1,0
1121881,1178,144670,30-34,F,7,221843,43,63.45000076,5,0
1121888,1178,144671,30-34,F,66,41672,6,10.54999995,2,1
1121889,1178,144672,35-39,F,10,127546,25,38.94000041,2,0
1121890,1178,144672,35-39,F,10,127865,28,38.02999961,3,1
1121891,1178,144672,35-39,F,10,1025327,229,314.2999983,16,2
1121894,1178,144672,35-39,F,10,561415,124,173.76,3,0
1121895,1178,144673,35-39,F,15,132803,25,37.32000124,2,1
1121897,1178,144673,35-39,F,15,24664,2,2.629999995,1,1
1121901,1178,144674,35-39,F,16,1020561,172,263.8100007,7,3
1121902,1178,144674,35-39,F,16,682143,114,177.1099993,6,2
1121903,1178,144674,35-39,F,16,1247717,222,343.4199994,11,4
1121904,1178,144674,35-39,F,16,146406,23,33.22999942,1,1
1121905,1178,144674,35-39,F,16,905699,161,234.6599982,4,1
1121906,1178,144674,35-39,F,16,1184580,194,297.8299981,14,3
1121907,1178,144675,35-39,F,18,98057,20,31.00999963,1,1
1121917,1178,144676,35-39,F,19,238735,56,84.65999889,4,1
1121918,1178,144676,35-39,F,19,320657,77,115.8800026,2,0
1121925,1178,144678,35-39,F,21,244074,57,84.51000023,4,2
1121928,1178,144678,35-39,F,21,39146,8,13.05999959,1,0
1121931,1178,144679,35-39,F,22,78468,15,23.64999962,1,0
1121933,1178,144679,35-39,F,22,325653,63,89.35000026,2,0
1121935,1178,144679,35-39,F,22,66277,12,17.30000019,1,0
1121936,1178,144679,35-39,F,22,93002,16,23.33999968,1,0
1121944,1178,144681,35-39,F,24,109723,27,40.9600004,1,0
1121948,1178,144681,35-39,F,24,118941,35,50.11000001,4,1
1121949,1178,144682,35-39,F,25,221576,47,66.79000068,6,1
1121953,1178,144682,35-39,F,25,8341,1,1.639999986,1,0
1121954,1178,144682,35-39,F,25,120335,26,36.2299993,2,0
1121955,1178,144683,35-39,F,26,182098,40,62.86999989,1,1
1121956,1178,144683,35-39,F,26,227473,52,71.58000052,1,1
1121962,1178,144684,35-39,F,27,1050947,230,350.5099957,6,1
1121963,1178,144684,35-39,F,27,720859,162,213.6899986,13,5
1121971,1178,144685,35-39,F,28,41111,8,10.96000016,1,0
1121973,1178,144686,35-39,F,29,148616,25,37.39999962,6,4
1121976,1178,144686,35-39,F,29,707260,135,210.8200028,13,6
1121977,1178,144686,35-39,F,29,139596,26,42.41000032,1,1
1121983,1178,144687,35-39,F,30,105399,22,33.19999933,2,0
1121994,1178,144689,35-39,F,32,222378,50,72.91000104,1,0
1122003,1178,144691,35-39,F,63,975792,210,293.8800011,10,4
1122004,1178,144691,35-39,F,63,579150,125,167.0499997,5,1
1122005,1178,144691,35-39,F,63,449588,81,123.800001,5,2
1122006,1178,144691,35-39,F,63,318157,56,85.70000196,3,0
1122007,1178,144691,35-39,F,63,196967,43,65.17999971,2,1
1122011,1178,144692,35-39,F,64,158298,37,46.43000007,4,1
1122012,1178,144692,35-39,F,64,222739,55,68.55999959,5,2
1122022,1178,144694,35-39,F,2,20780,5,8.189999938,1,0
1122027,1178,144695,35-39,F,7,128616,33,48.54999948,2,0
1122039,1178,144697,40-44,F,10,258954,61,82.27999902,1,0
1122040,1178,144697,40-44,F,10,205289,48,71.53000104,3,0
1122041,1178,144697,40-44,F,10,611601,138,191.419996,8,3
1122043,1178,144697,40-44,F,10,947657,233,321.8700004,8,4
1122044,1178,144697,40-44,F,10,233043,49,65.03000033,2,0
1122047,1178,144698,40-44,F,15,582725,142,194.8099988,9,2
1122052,1178,144699,40-44,F,16,265038,51,78.45999932,2,1
1122054,1178,144699,40-44,F,16,222273,39,53.62999868,6,1
1122055,1178,144699,40-44,F,16,797234,170,243.7699978,4,1
1122056,1178,144699,40-44,F,16,925555,182,262.8899981,4,2
1122058,1178,144700,40-44,F,18,22210,3,4.050000191,1,1
1122075,1178,144703,40-44,F,21,46391,11,16.40999985,3,1
1122078,1178,144703,40-44,F,21,190477,42,66.38999987,1,0
1122079,1178,144703,40-44,F,21,25382,7,9.609999895,1,0
1122085,1178,144704,40-44,F,22,65726,17,22.12000012,2,0
1122089,1178,144705,40-44,F,23,195220,51,78.06000042,1,0
1122092,1178,144705,40-44,F,23,107501,27,40.87999928,2,2
1122101,1178,144707,40-44,F,25,197772,63,88.21000016,7,2
1122102,1178,144707,40-44,F,25,138154,35,48.93999863,1,0
1122103,1178,144707,40-44,F,25,270124,69,95.84999895,2,0
1122105,1178,144708,40-44,F,26,303971,77,106.9299998,11,6
1122107,1178,144708,40-44,F,26,682046,183,254.419997,4,2
1122109,1178,144708,40-44,F,26,328365,83,117.3400005,2,1
1122112,1178,144709,40-44,F,27,1083259,276,390.2599992,11,0
1122113,1178,144709,40-44,F,27,913929,245,340.4099993,7,2
1122118,1178,144710,40-44,F,28,101586,24,33.47000039,2,1
1122120,1178,144710,40-44,F,28,181053,46,66.27999985,3,1
1122121,1178,144710,40-44,F,28,133419,35,48.18000007,2,1
1122125,1178,144711,40-44,F,29,489573,113,156.1199993,3,2
1122127,1178,144711,40-44,F,29,822023,194,288.3300035,6,0
1122131,1178,144712,40-44,F,30,93176,29,40.37000024,1,1
1122138,1178,144713,40-44,F,31,47229,13,19.27999985,1,0
1122139,1178,144713,40-44,F,31,92263,24,34.03000015,1,0
1122140,1178,144713,40-44,F,31,81551,21,29.67000008,1,0
1122145,1178,144714,40-44,F,32,141037,32,47.78999913,3,0
1122146,1178,144714,40-44,F,32,319501,79,111.6500003,0,0
1122149,1178,144715,40-44,F,36,72741,19,24.33000016,2,0
1122154,1178,144716,40-44,F,63,597419,135,188.5100002,2,1
1122157,1178,144716,40-44,F,63,98768,21,33.14000034,1,1
1122160,1178,144717,40-44,F,64,173165,41,59.85000026,1,0
1122165,1178,144718,40-44,F,65,55823,13,21.10999966,1,1
1122166,1178,144718,40-44,F,65,118451,28,38.35000062,4,1
1122176,1178,144719,40-44,F,2,74424,22,30.84000027,1,1
1122177,1178,144720,40-44,F,7,47929,12,14.58999991,1,1
1122182,1178,144720,40-44,F,7,40801,12,15.91999972,0,0
1122183,1178,144721,40-44,F,66,66017,17,24.22000015,1,0
1122189,1178,144722,45-49,F,10,725043,179,238.4000007,5,3
1122191,1178,144722,45-49,F,10,382776,97,132.7300007,5,1
1122192,1178,144722,45-49,F,10,548250,137,201.6000042,5,1
1122193,1178,144722,45-49,F,10,1358324,346,465.0799981,8,2
1122197,1178,144723,45-49,F,15,662249,163,234.9399992,2,0
1122200,1178,144723,45-49,F,15,559554,139,195.0799994,2,0
1122201,1178,144724,45-49,F,16,320757,68,104.6899989,2,0
1122202,1178,144724,45-49,F,16,906151,202,295.5499957,1,0
1122203,1178,144724,45-49,F,16,699314,164,226.0300014,3,0
1122204,1178,144724,45-49,F,16,850337,198,287.690003,3,1
1122205,1178,144724,45-49,F,16,1015460,247,315.9000051,9,2
1122209,1178,144725,45-49,F,18,890295,227,332.9899989,1,0
1122210,1178,144725,45-49,F,18,791817,194,282.490001,4,2
1122211,1178,144725,45-49,F,18,317601,76,115.6600008,1,0
1122212,1178,144725,45-49,F,18,685211,164,247.3200026,4,3
1122213,1178,144726,45-49,F,19,32781,7,11.20000017,2,2
1122216,1178,144726,45-49,F,19,76785,19,25.45999998,3,0
1122217,1178,144726,45-49,F,19,719083,206,299.5299983,12,5
1122223,1178,144727,45-49,F,20,368480,107,140.4200011,5,4
1122224,1178,144727,45-49,F,20,260945,73,100.8800011,2,2
1122225,1178,144728,45-49,F,21,40998,10,13.35000038,1,0
1122227,1178,144728,45-49,F,21,183293,53,73.74999964,2,1
1122232,1178,144729,45-49,F,22,221561,55,76.75999916,1,0
1122233,1178,144729,45-49,F,22,436943,109,145.8199974,1,1
1122240,1178,144730,45-49,F,23,284488,90,125.2700011,1,1
1122244,1178,144731,45-49,F,24,85083,32,38.62999976,1,1
1122246,1178,144731,45-49,F,24,14167,5,7.139999986,1,0
1122249,1178,144732,45-49,F,25,300637,84,116.9899981,2,0
1122253,1178,144732,45-49,F,25,449921,129,175.9700005,5,1
1122254,1178,144732,45-49,F,25,282899,71,105.6600007,1,0
1122257,1178,144733,45-49,F,26,669671,186,259.1799988,4,1
1122258,1178,144733,45-49,F,26,108655,28,46.92000186,1,0
1122260,1178,144733,45-49,F,26,536248,146,187.7399978,3,0
1122262,1178,144734,45-49,F,27,1055017,265,380.6599952,16,2
1122265,1178,144734,45-49,F,27,1428421,367,541.7000023,10,0
1122266,1178,144734,45-49,F,27,1088027,272,409.5600026,9,4
1122267,1178,144735,45-49,F,28,288517,78,102.3900002,3,0
1122268,1178,144735,45-49,F,28,202231,53,67.13000107,3,1
1122270,1178,144735,45-49,F,28,73222,16,22.86000025,1,0
1122271,1178,144735,45-49,F,28,348542,96,134.889999,2,0
1122273,1178,144736,45-49,F,29,1097966,266,369.069997,16,8
1122274,1178,144736,45-49,F,29,526923,138,198.0899972,2,1
1122276,1178,144736,45-49,F,29,264386,66,91.00000054,4,1
1122277,1178,144736,45-49,F,29,854940,227,297.9100007,8,3
1122279,1178,144737,45-49,F,30,113567,34,50.29000044,3,0
1122282,1178,144737,45-49,F,30,22859,6,9.419999838,1,0
1122288,1178,144738,45-49,F,31,51754,13,20.51999998,1,0
1122290,1178,144738,45-49,F,31,104347,28,38.13999993,4,3
1122303,1178,144741,45-49,F,63,391998,97,142.0500025,3,1
1122304,1178,144741,45-49,F,63,1111156,282,402.3000026,5,0
1122308,1178,144741,45-49,F,63,427772,117,159.299999,3,1
1122310,1178,144742,45-49,F,64,536457,136,193.6599991,2,1
1122311,1178,144742,45-49,F,64,179894,43,66.83999872,2,0
1122312,1178,144742,45-49,F,64,479882,131,178.6700007,6,0
1122313,1178,144742,45-49,F,64,358261,91,130.3600011,1,0
1122316,1178,144743,45-49,F,65,346688,88,114.8599998,2,0
1314296,1178,179863,30-34,M,100,33445,2,3.199999928,1,0
1314297,1178,179864,30-34,M,101,72228,5,7.529999852,4,4
1314298,1178,179865,30-34,M,102,49699,2,2.690000057,2,1
1314299,1178,179866,30-34,M,103,189761,18,27.32999969,4,1
1314301,1178,179868,30-34,M,105,312524,37,53.78999972,2,0
1314303,1178,179870,30-34,M,107,496760,42,61.00999904,10,3
1314306,1178,179873,30-34,M,110,310988,34,46.66999936,11,3
1314307,1178,179874,30-34,M,111,98606,9,12.10999984,1,0
1314308,1178,179875,30-34,M,112,51104,2,3.199999928,3,1
1314309,1178,179876,30-34,M,113,276762,22,32.09000015,5,1
1314312,1178,179879,35-39,M,101,33534,2,2.960000038,1,1
1314313,1178,179880,35-39,M,102,128859,16,23.69999957,1,0
1314314,1178,179881,35-39,M,103,92080,12,16.94000018,3,2
1314316,1178,179883,35-39,M,105,211882,33,46.64999926,3,1
1314318,1178,179885,35-39,M,107,112776,9,12.67999995,1,0
1314319,1178,179886,35-39,M,108,145324,14,19.82000005,2,1
1314320,1178,179887,35-39,M,109,106492,14,21.26000023,2,0
1314321,1178,179888,35-39,M,110,233845,30,40.73000062,3,0
1314323,1178,179890,35-39,M,112,155426,17,25.01000023,3,0
1314324,1178,179891,35-39,M,113,97540,8,11.5199995,2,1
1314325,1178,179892,35-39,M,114,61441,5,7.700000048,1,0
1314326,1178,179893,40-44,M,100,76703,9,12.14999962,3,1
1314327,1178,179894,40-44,M,101,68619,10,14.96000034,1,0
1314330,1178,179897,40-44,M,104,17559,1,1.49000001,1,1
1314331,1178,179898,40-44,M,105,137879,19,28.47000003,2,0
1314332,1178,179899,40-44,M,106,67710,10,15.14999998,1,0
1314333,1178,179900,40-44,M,107,348180,41,60.22999907,3,1
1314334,1178,179901,40-44,M,108,146246,18,28.71999955,3,1
1314336,1178,179903,40-44,M,110,187236,24,34.86999965,2,2
1314337,1178,179904,40-44,M,111,72157,9,13.50000036,1,1
1314338,1178,179905,40-44,M,112,91180,10,13.55999994,1,0
1314339,1178,179906,40-44,M,113,86293,6,9.259999871,1,1
1314341,1178,179908,45-49,M,100,101410,12,17.94000006,4,0
1314343,1178,179910,45-49,M,102,134245,18,25.75000024,2,1
1314345,1178,179912,45-49,M,104,125650,20,30.08000076,4,0
1314346,1178,179913,45-49,M,105,50406,5,7.26000011,1,1
1314348,1178,179915,45-49,M,107,121769,13,18.41999996,2,1
1314349,1178,179916,45-49,M,108,267106,34,50.5,4,1
1314350,1178,179917,45-49,M,109,365539,57,82.13999915,5,2
1314351,1178,179918,45-49,M,110,188758,25,36.60000038,2,1
1314353,1178,179920,45-49,M,112,108426,13,19.58000016,1,0
1314354,1178,179921,45-49,M,113,138525,9,13.65000045,3,0
1314355,1178,179922,45-49,M,114,150858,21,30.26000011,1,0
1314357,1178,179924,30-34,F,101,524306,81,113.6800029,10,4
1314358,1178,179925,30-34,F,102,104496,9,11.42999983,3,2
1314359,1178,179926,30-34,F,103,452519,68,99.52000237,7,2
1314360,1178,179927,30-34,F,104,442919,76,110.7800021,21,2
1314361,1178,179928,30-34,F,105,596831,86,120.8799992,11,0
1314362,1178,179929,30-34,F,106,173912,26,35.54000032,2,1
1314363,1178,179930,30-34,F,107,780967,86,119.6400018,20,4
1314364,1178,179931,30-34,F,108,132124,8,11.18999994,4,0
1314365,1178,179932,30-34,F,109,623137,100,138.9200006,12,1
1314366,1178,179933,30-34,F,110,99020,10,14.48000044,4,1
1314367,1178,179934,30-34,F,111,665817,117,163.8000002,23,9
1314368,1178,179935,30-34,F,112,699232,80,111.9899995,12,3
1314371,1178,179938,35-39,F,100,72982,11,15.04999995,1,0
1314372,1178,179939,35-39,F,101,975884,167,237.3199975,14,3
1314373,1178,179940,35-39,F,102,245607,33,47.87999952,3,1
1314377,1178,179944,35-39,F,106,485369,114,164.6400015,3,0
1314378,1178,179945,35-39,F,107,866355,139,200.8299961,11,5
1314379,1178,179946,35-39,F,108,502710,72,105.2199969,8,2
1314380,1178,179947,35-39,F,109,475184,88,127.3200028,4,1
1314381,1178,179948,35-39,F,110,357401,47,68.67000008,8,1
1314382,1178,179949,35-39,F,111,99810,14,20.05000019,2,0
1314383,1178,179950,35-39,F,112,81569,6,9.409999967,3,1
1314384,1178,179951,35-39,F,113,441192,53,77.59999979,6,2
1314385,1178,179952,35-39,F,114,90470,11,16.73000002,1,1
1314386,1178,179953,40-44,F,100,834243,166,246.7499975,18,7
1314387,1178,179954,40-44,F,101,696612,152,223.1899948,31,9
1314388,1178,179955,40-44,F,102,329333,48,67.60999918,1,0
1314389,1178,179956,40-44,F,103,1114711,224,319.0000019,6,0
1314390,1178,179957,40-44,F,104,267316,58,82.92999887,3,0
1314391,1178,179958,40-44,F,105,228629,38,57,2,0
1314392,1178,179959,40-44,F,106,758340,159,233.110002,13,4
1314393,1178,179960,40-44,F,107,877535,149,217.7799966,5,2
1314394,1178,179961,40-44,F,108,1357386,223,323.0600071,10,1
1314395,1178,179962,40-44,F,109,280240,61,87.99000168,2,2
1314396,1178,179963,40-44,F,110,419922,75,105.4500008,3,1
1314397,1178,179964,40-44,F,111,402975,83,120.8999977,1,0
1314398,1178,179965,40-44,F,112,1137635,211,301.0499992,30,10
1314400,1178,179967,40-44,F,114,250234,40,62.31999922,4,1
1314401,1178,179968,45-49,F,100,904907,195,279.219995,11,1
1314402,1178,179969,45-49,F,101,589270,107,158.0500023,10,4
1314403,1178,179970,45-49,F,102,168714,24,36.01000071,2,2
1314404,1178,179971,45-49,F,103,71982,11,16.34000051,1,0
1314405,1178,179972,45-49,F,104,558666,110,162.6399975,14,5
1314406,1178,179973,45-49,F,105,1118200,235,333.7499943,11,4
1314407,1178,179974,45-49,F,106,107100,23,33.71000051,1,0
1314408,1178,179975,45-49,F,107,877769,160,232.5900005,13,4
1314409,1178,179976,45-49,F,108,212508,33,47.69000006,4,1
1314410,1178,179977,45-49,F,109,1129773,252,358.189997,13,2
1314411,1178,179978,45-49,F,110,637549,120,173.8800035,3,0
1314412,1178,179979,45-49,F,111,151531,28,40.28999949,2,0
1314414,1178,179981,45-49,F,113,790253,135,198.7100005,8,2
1314415,1178,179982,45-49,F,114,513161,114,165.6099987,5,2
